name,given_name,family_name,middle_name,nickname,preferred_username,profile,picture,website,email,email_verified,gender,birthdate,zoneinfo,locale,phone_number,phone_number_verified,address,updated_at,cognito:mfa_enabled,cognito:username
Maggie Jakubowski,,,,,,,,,name+maggiejakubowski@example.com,true,,,,,,false,,,false,maggiejakubowski
Ross Renner,,,,,,,,,name+rossrenner@example.com,true,,,,,,false,,,false,rossrenner
Zita Huels,,,,,,,,,name+zitahuels@example.com,true,,,,,,false,,,false,zitahuels
Mattie Grant,,,,,,,,,name+mattiegrant@example.com,true,,,,,,false,,,false,mattiegrant
Jerod Kemmer,,,,,,,,,name+jerodkemmer@example.com,true,,,,,,false,,,false,jerodkemmer
Adelbert Gislason,,,,,,,,,name+adelbertgislason@example.com,true,,,,,,false,,,false,adelbertgislason
Laron Thiel,,,,,,,,,name+laronthiel@example.com,true,,,,,,false,,,false,laronthiel
Kitty Zboncak,,,,,,,,,name+kittyzboncak@example.com,true,,,,,,false,,,false,kittyzboncak
Jaycee Walsh,,,,,,,,,name+jayceewalsh@example.com,true,,,,,,false,,,false,jayceewalsh
Alexander Nikolaus,,,,,,,,,name+alexandernikolaus@example.com,true,,,,,,false,,,false,alexandernikolaus
Regan Hoeger,,,,,,,,,name+reganhoeger@example.com,true,,,,,,false,,,false,reganhoeger
Bennett Ziemann,,,,,,,,,name+bennettziemann@example.com,true,,,,,,false,,,false,bennettziemann
Ashlee Bednar,,,,,,,,,name+ashleebednar@example.com,true,,,,,,false,,,false,ashleebednar
Wanda Torp,,,,,,,,,name+wandatorp@example.com,true,,,,,,false,,,false,wandatorp
Mervin Ziemann,,,,,,,,,name+mervinziemann@example.com,true,,,,,,false,,,false,mervinziemann
Jodie Tillman,,,,,,,,,name+jodietillman@example.com,true,,,,,,false,,,false,jodietillman
Amaya Howell,,,,,,,,,name+amayahowell@example.com,true,,,,,,false,,,false,amayahowell
Brandyn Ortiz,,,,,,,,,name+brandynortiz@example.com,true,,,,,,false,,,false,brandynortiz
Andres Dickinson,,,,,,,,,name+andresdickinson@example.com,true,,,,,,false,,,false,andresdickinson
Rosario Lakin,,,,,,,,,name+rosariolakin@example.com,true,,,,,,false,,,false,rosariolakin
Benjamin Herzog,,,,,,,,,name+benjaminherzog@example.com,true,,,,,,false,,,false,benjaminherzog
Mason Stracke,,,,,,,,,name+masonstracke@example.com,true,,,,,,false,,,false,masonstracke
Kris Hammes,,,,,,,,,name+krishammes@example.com,true,,,,,,false,,,false,krishammes
Dave Carter,,,,,,,,,name+davecarter@example.com,true,,,,,,false,,,false,davecarter
Polly Hayes,,,,,,,,,name+pollyhayes@example.com,true,,,,,,false,,,false,pollyhayes
Vicenta Toy,,,,,,,,,name+vicentatoy@example.com,true,,,,,,false,,,false,vicentatoy
Dina Yundt,,,,,,,,,name+dinayundt@example.com,true,,,,,,false,,,false,dinayundt
Alexys Hirthe,,,,,,,,,name+alexyshirthe@example.com,true,,,,,,false,,,false,alexyshirthe
Pearl Stoltenberg,,,,,,,,,name+pearlstoltenberg@example.com,true,,,,,,false,,,false,pearlstoltenberg
Marie Raynor,,,,,,,,,name+marieraynor@example.com,true,,,,,,false,,,false,marieraynor
